{
  "mackey_by_model": {
    "AB-embedded": {
      "1e2": {
        "nrmse_150": 1.1175794990861412,
        "vpt": 1.1368421052631579
      },
      "1e3": {
        "nrmse_150": 1.183101790507304,
        "vpt": 1.2157894736842105
      },
      "1e4": {
        "nrmse_150": 1.1532878510117182,
        "vpt": 0.7105263157894737
      },
      "1e5": {
        "nrmse_150": 1.1827153018790086,
        "vpt": 1.4421052631578948
      },
      "inf": {
        "nrmse_150": 0.8358098864710355,
        "vpt": 34.36842105263158
      }
    },
    "ABC-embedded-hierarchical": {
      "1e2": {
        "nrmse_150": 1.0947000992013143,
        "vpt": 1.31
      },
      "1e3": {
        "nrmse_150": 1.191180613456476,
        "vpt": 1.17
      },
      "1e4": {
        "nrmse_150": 1.1769099097585936,
        "vpt": 1.735
      },
      "1e5": {
        "nrmse_150": 1.1334193007402293,
        "vpt": 2.535
      },
      "inf": {
        "nrmse_150": 1.6290284353201219,
        "vpt": 28.25
      }
    },
    "ABC-noaux-kraus": {
      "1e2": {
        "nrmse_150": 1.0571713771040285,
        "vpt": 1.785
      },
      "1e3": {
        "nrmse_150": 1.134801737077723,
        "vpt": 1.165
      },
      "1e4": {
        "nrmse_150": 1.3134338101558447,
        "vpt": 1.68
      },
      "1e5": {
        "nrmse_150": 3.56589868980011,
        "vpt": 2.33
      },
      "inf": {
        "nrmse_150": 1.334915448686705,
        "vpt": 1.15
      }
    },
    "ABC-noaux-tied": {
      "1e2": {
        "nrmse_150": 1.0874632899240937,
        "vpt": 1.395
      },
      "1e3": {
        "nrmse_150": 1.18244229259558,
        "vpt": 1.255
      },
      "1e4": {
        "nrmse_150": 1.1873104940363357,
        "vpt": 1.205
      },
      "1e5": {
        "nrmse_150": 1.1410932241730178,
        "vpt": 2.455
      },
      "inf": {
        "nrmse_150": 0.7719063614243656,
        "vpt": 40.95
      }
    }
  },
  "min_n_shots_retain80": {
    "AB-embedded": null,
    "ABC-embedded-hierarchical": null,
    "ABC-noaux-kraus": null,
    "ABC-noaux-tied": null
  },
  "multiscale_capacity_by_model": {
    "AB-embedded": {
      "1e2": 0.0015606993052428757,
      "1e3": 0.011734835292611774,
      "1e4": 0.05428890293864144,
      "1e5": 0.14012614226752818,
      "inf": 0.3776305115647862
    },
    "ABC-embedded-hierarchical": {
      "1e2": 0.0010781932921334583,
      "1e3": 0.00387641254971873,
      "1e4": 0.025641362366194565,
      "1e5": 0.07999819174812206,
      "inf": 0.27663595217522674
    },
    "ABC-noaux-kraus": {
      "1e2": 0.0017051284166603768,
      "1e3": 0.024680485663432828,
      "1e4": 0.14806550155295647,
      "1e5": 0.3136600322096954,
      "inf": 0.6412775389012135
    },
    "ABC-noaux-tied": {
      "1e2": 0.0010960220647745333,
      "1e3": 0.005008875629398335,
      "1e4": 0.03538129808257133,
      "1e5": 0.10807370042458243,
      "inf": 0.2979518701660172
    }
  },
  "noaux_minus_embedded_gap": {
    "by_n_shots": {
      "1e2": 0.0006269351245269184,
      "1e3": 0.0208040731137141,
      "1e4": 0.12242413918676191,
      "1e5": 0.23366184046157334,
      "inf": 0.3646415867259868
    },
    "gap_exact": 0.3646415867259868,
    "min_n_shots_retain80_gap": null,
    "pair": [
      "ABC-noaux-kraus",
      "ABC-embedded-hierarchical"
    ]
  },
  "retain_frac": 0.8
}