{
  "completed_at": "2026-07-06T10:03:36.068216",
  "estimate": {
    "total_h": 1.348
  },
  "phase": "setup",
  "reference_tau_mem": 21,
  "run_config": {
    "etas": [
      0.39269908169872414,
      0.7853981633974483,
      1.1780972450961724
    ],
    "eval_seeds": 20,
    "gammas": [
      0.02,
      0.05,
      0.1,
      0.2
    ]
  }
}