{
  "best_params": {
    "eta_ab": 1.3441199211077424,
    "eta_bb": 0.0,
    "omega": 0.07829235810391226
  },
  "completed_at": "2026-07-05T13:50:32.793106",
  "eval_seeds": [
    0,
    1,
    2,
    3,
    4,
    5,
    6,
    7,
    8,
    9,
    10,
    11,
    12,
    13,
    14,
    15,
    16,
    17,
    18,
    19
  ],
  "phase": "exp1_dB8"
}