{
  "best_params": {
    "eta_ab": 1.1448774329633278,
    "eta_bb": 0.0,
    "omega": 0.14156330794828348
  },
  "completed_at": "2026-07-05T13:29:11.460242",
  "eval_seeds": [
    0,
    1,
    2,
    3,
    4,
    5,
    6,
    7,
    8,
    9,
    10,
    11,
    12,
    13,
    14,
    15,
    16,
    17,
    18,
    19
  ],
  "phase": "exp1_dB2"
}