{
  "best_params": {
    "eta_ab": 1.4723867962785908,
    "eta_bb": 1.0683026206520372,
    "omega": 0.08548390554017389
  },
  "completed_at": "2026-07-05T14:51:57.516296",
  "eval_seeds": [
    0,
    1,
    2,
    3,
    4,
    5,
    6,
    7,
    8,
    9,
    10,
    11,
    12,
    13,
    14,
    15,
    16,
    17,
    18,
    19
  ],
  "phase": "exp1_dB64"
}