{
  "best_params": {
    "eta_ab": 1.3387885644633968,
    "eta_bb": 0.0,
    "omega": 0.06988003641298665
  },
  "completed_at": "2026-07-05T14:05:20.154610",
  "eval_seeds": [
    0,
    1,
    2,
    3,
    4,
    5,
    6,
    7,
    8,
    9,
    10,
    11,
    12,
    13,
    14,
    15,
    16,
    17,
    18,
    19
  ],
  "phase": "exp1_dB16"
}