{
  "best_params": {
    "eta_ab": 0.2664899844590059,
    "eta_bc": 0.20345469045161774,
    "omega_b": 0.8700673066980373,
    "omega_c": 0.33690683144714884
  },
  "completed_at": "2026-07-05T19:14:19.417581",
  "phase": "exp2",
  "trials": 64,
  "tune_seeds": [
    1000,
    1001,
    1002,
    1003,
    1004,
    1005,
    1006,
    1007
  ]
}