{
  "mechanism": {
    "data": {
      "AB-embedded": {
        "A_only": 0.0010747973316150273,
        "B_only": 0.0011368871174558663,
        "full": 0.0016266572499576317
      },
      "ABC-embedded-hierarchical": {
        "A_only": 0.0009580761845294612,
        "B_only": 0.0009692615244983642,
        "C_only": 0.00092400120900304,
        "full": 0.0009653676268320401
      }
    },
    "verdict": "AB-embedded: STORAGE failure (tau~30 absent everywhere); ABC-embedded-hierarchical: STORAGE failure (tau~30 absent everywhere)"
  },
  "scale_law": {
    "data": {
      "memory_range_by_dB": {
        "2": 18,
        "4": 19,
        "8": 19,
        "16": 21,
        "32": 16,
        "64": 17
      },
      "stm_total_dB64_vs_dB16": {
        "ci95_hi": -1.0650595420913789,
        "ci95_lo": -1.4479758445296749,
        "cohen_dz": -2.7962851021773236,
        "losses": 20,
        "mean_a": 14.012052517457334,
        "mean_b": 15.266600455408442,
        "mean_diff": -1.2545479379511046,
        "median_a": 14.002350136097142,
        "median_b": 15.227359584982203,
        "n": 20,
        "p_ttest": 1.2868238007517192e-10,
        "p_wilcoxon": 1.9073486328125e-06,
        "relative_diff": -0.08217598551919779,
        "se_diff": 0.10032076014375467,
        "std_diff": 0.44864807847177407,
        "wins": 0
      }
    },
    "verdict": "memory range does NOT scale up with d_B"
  },
  "subtuning": {
    "data": {
      "all": {
        "mackey_mse150": {
          "ci95_hi": 0.010825785522736187,
          "ci95_lo": -0.4059071650578441,
          "cohen_dz": -0.2795989356819997,
          "losses": 10,
          "mean_a": 0.5045388152710122,
          "mean_b": 0.35430200873081424,
          "mean_diff": -0.15023680654019797,
          "median_a": 0.1210347686819352,
          "median_b": 0.0957710553532114,
          "n": 20,
          "p_ttest": 0.2263329145613399,
          "p_wilcoxon": 0.40909767150878906,
          "relative_diff": -0.42403599990289187,
          "se_diff": 0.1201505690023251,
          "std_diff": 0.5373296796489561,
          "wins": 10
        },
        "multiscale::p1_0": {
          "ci95_hi": -0.001390083065319032,
          "ci95_lo": -0.0018226546338899173,
          "cohen_dz": -3.142674978232809,
          "losses": 20,
          "mean_a": 0.9971137265019708,
          "mean_b": 0.9987204200201616,
          "mean_diff": -0.0016066935181905384,
          "median_a": 0.9972450806380002,
          "median_b": 0.9988426274565763,
          "n": 20,
          "p_ttest": 1.7202765126930347e-11,
          "p_wilcoxon": 1.9073486328125e-06,
          "relative_diff": -0.0016087520450983616,
          "se_diff": 0.00011431904191704147,
          "std_diff": 0.0005112502976983052,
          "wins": 0
        },
        "multiscale::p1_0_10": {
          "ci95_hi": 0.026165482797254305,
          "ci95_lo": 0.01568648601248564,
          "cohen_dz": 1.6835553422750442,
          "losses": 0,
          "mean_a": 0.1108211962758375,
          "mean_b": 0.08999723047914426,
          "mean_diff": 0.020823965796693256,
          "median_a": 0.1080040796461346,
          "median_b": 0.09151035052902985,
          "n": 20,
          "p_ttest": 4.077266790411009e-07,
          "p_wilcoxon": 1.9073486328125e-06,
          "relative_diff": 0.23138451800789098,
          "se_diff": 0.002765801747842365,
          "std_diff": 0.012369041440926522,
          "wins": 20
        },
        "multiscale::p1_0_10_30": {
          "ci95_hi": 0.0005482217534065616,
          "ci95_lo": -0.00013918449985441197,
          "cohen_dz": 0.2539597777945723,
          "losses": 8,
          "mean_a": 0.0013390751634867347,
          "mean_b": 0.0011324539191592013,
          "mean_diff": 0.00020662124432753383,
          "median_a": 0.00075115127301035,
          "median_b": 0.0009768104830088,
          "n": 20,
          "p_ttest": 0.27018815290509934,
          "p_wilcoxon": 0.36827659606933594,
          "relative_diff": 0.1824544386746322,
          "se_diff": 0.00018192611126226655,
          "std_diff": 0.0008135983033292362,
          "wins": 12
        },
        "multiscale::p1_0_30": {
          "ci95_hi": -0.00015619875907354596,
          "ci95_lo": -0.000497348385506012,
          "cohen_dz": -0.801563702364461,
          "losses": 15,
          "mean_a": 0.0006595966531111921,
          "mean_b": 0.0009802336872700137,
          "mean_diff": -0.00032063703415882174,
          "median_a": 0.00040626959271339996,
          "median_b": 0.00092074760497405,
          "n": 20,
          "p_ttest": 0.0019760300393577993,
          "p_wilcoxon": 0.005580902099609375,
          "relative_diff": -0.32710264704807773,
          "se_diff": 8.944594202159268e-05,
          "std_diff": 0.00040001441334357245,
          "wins": 5
        },
        "multiscale::p1_10": {
          "ci95_hi": 0.043669240782046245,
          "ci95_lo": 0.02621596598862664,
          "cohen_dz": 1.6775512256443912,
          "losses": 0,
          "mean_a": 0.5112113352939034,
          "mean_b": 0.47717498248249895,
          "mean_diff": 0.034036352811404526,
          "median_a": 0.5143843766192802,
          "median_b": 0.4874609087576067,
          "n": 20,
          "p_ttest": 4.2931229891676133e-07,
          "p_wilcoxon": 1.9073486328125e-06,
          "relative_diff": 0.07132887108678529,
          "se_diff": 0.004536827098274253,
          "std_diff": 0.020289307587808697,
          "wins": 20
        },
        "multiscale::p1_10_30": {
          "ci95_hi": 0.00019289306230772674,
          "ci95_lo": -0.00032735172146586023,
          "cohen_dz": -0.12851610434335073,
          "losses": 12,
          "mean_a": 0.0011168972968901986,
          "mean_b": 0.0011934334143006962,
          "mean_diff": -7.653611741049726e-05,
          "median_a": 0.0005274777381678499,
          "median_b": 0.00088587236127395,
          "n": 20,
          "p_ttest": 0.5722094410366293,
          "p_wilcoxon": 0.3299827575683594,
          "relative_diff": -0.06413103272394405,
          "se_diff": 0.0001331661600997102,
          "std_diff": 0.0005955371725711444,
          "wins": 8
        },
        "multiscale::p1_30": {
          "ci95_hi": 0.00013053775470659172,
          "ci95_lo": -0.0003092885304379342,
          "cohen_dz": -0.14925881033705846,
          "losses": 11,
          "mean_a": 0.0008741359753811314,
          "mean_b": 0.0009511735846260839,
          "mean_diff": -7.703760924495273e-05,
          "median_a": 0.0005072905651675,
          "median_b": 0.0005846288686908,
          "n": 20,
          "p_ttest": 0.5124758887346966,
          "p_wilcoxon": 0.8408222198486328,
          "relative_diff": -0.0809921663186692,
          "se_diff": 0.0001154111644778472,
          "std_diff": 0.0005161344182697508,
          "wins": 9
        },
        "multiscale::paper_s0_s10": {
          "ci95_hi": 0.019929955260332723,
          "ci95_lo": 0.010977667071510211,
          "cohen_dz": 1.419708590682104,
          "losses": 2,
          "mean_a": 0.6635404954218884,
          "mean_b": 0.648432546106879,
          "mean_diff": 0.0151079493150094,
          "median_a": 0.6648810472213854,
          "median_b": 0.6512478894868539,
          "n": 20,
          "p_ttest": 4.312729230144476e-06,
          "p_wilcoxon": 9.5367431640625e-06,
          "relative_diff": 0.02329918417218976,
          "se_diff": 0.002379530693179191,
          "std_diff": 0.010641584768991734,
          "wins": 18
        },
        "multiscale::s0_s10_s30": {
          "ci95_hi": 0.009923128231365326,
          "ci95_lo": 0.003030296933122284,
          "cohen_dz": 0.790321006543059,
          "losses": 5,
          "mean_a": 0.34909623722836997,
          "mean_b": 0.34280866823330736,
          "mean_diff": 0.006287568995062612,
          "median_a": 0.3466940002201935,
          "median_b": 0.34271597566934653,
          "n": 20,