{
  "n_points": 10,
  "p": 0.06801269879543773,
  "r2": 0.8377487283617335,
  "p_ci95_bootstrap": [
    0.03740984503971523,
    0.09819114150381769
  ],
  "gammas": [
    0.01,
    0.0146,
    0.0213,
    0.0311,
    0.0453,
    0.0662,
    0.0965,
    0.1409,
    0.2056,
    0.3
  ],
  "n_seeds": 12,
  "threshold": 0.1,
  "wall_seconds": 1238.1
}