{
  "executed_seeds": [
    0,
    1,
    2,
    3,
    4,
    5,
    6,
    7,
    8,
    9,
    10,
    11,
    12,
    13,
    14,
    15,
    16,
    17,
    18,
    19,
    20,
    21,
    22,
    23,
    24,
    25,
    26,
    27,
    28,
    29,
    30,
    31,
    32,
    33,
    34,
    35,
    36,
    37,
    38,
    39,
    40,
    41,
    42,
    43,
    44,
    45,
    46,
    47,
    48,
    49,
    50,
    51,
    52,
    53,
    54,
    55,
    56,
    57,
    58,
    59,
    60,
    61,
    62,
    63,
    64,
    65,
    66,
    67,
    68,
    69,
    70,
    71,
    72,
    73,
    74,
    75,
    76,
    77,
    78,
    79,
    80,
    81,
    82,
    83,
    84,
    85,
    86,
    87,
    88,
    89,
    90,
    91,
    92,
    93,
    94,
    95,
    96,
    97,
    98,
    99
  ],
  "n_paired_seeds": 100,
  "omega_0.5_beats_1.0": true,
  "omega_mean_mse150": {
    "0.0": 0.20199102746375633,
    "0.5": 0.029728253482965337,
    "1.0": 0.05791619886334946
  },
  "paired_stats_mse150_omega05_vs_10": {
    "ci95_hi": 0.03106747224885554,
    "ci95_lo": 0.025218227626368783,
    "cohen_dz": 1.9019774402429346,
    "losses": 6,
    "mean_a": 0.029728253482965327,
    "mean_b": 0.05791619886334948,
    "mean_diff": 0.028187945380384133,
    "median_a": 0.0269891818241714,
    "median_b": 0.0574923961010329,
    "n": 100,
    "p_ttest": 7.883292620770533e-35,
    "p_wilcoxon": 3.536288390303153e-17,
    "relative_diff": 0.4867022686762567,
    "se_diff": 0.0014820336342571845,
    "std_diff": 0.014820336342571846,
    "wins": 94
  },
  "planned_seeds": 100,
  "stm_mean_capacity_tau_ge_10_omega_0.0": 0.12114338026817437,
  "stm_mean_capacity_tau_ge_10_omega_0.5": 0.014589176329540498,
  "stm_mean_capacity_tau_ge_10_omega_1.0": 0.0011095756373563162
}